insert into product(product_name, id, price, status, username, description)
values('iphone 7', 1001, 10000, true, 'aswin', 'good condition');

insert into product(product_name, id, price, status, username, description)
values('toyota fortuner', 1002, 200000, true, 'aswin', '2012 model, good condition');

insert into product(product_name, id, price, status, username, description)
values('ktm duke 390', 1003, 30000, true, 'aswin', 'single owner, good condition');

insert into product(product_name, id, price, status, username, description)
values('apple iphone 11', 1004, 10000, true, 'aswintp', 'unused iphone');

insert into product(product_name, id, price, status, username, description)
values('ferrari f40', 1005, 20000000, true, 'aswintp', 'mint condition');

insert into product(product_name, id, price, status, username, description)
values('dell laptop', 1006, 80000, true, 'aswintp', 'good condition 1 year warranty left');

insert into product(product_name, id, price, status, username, description)
values('apple macbook pro', 1007, 40000, true, 'aswintp', 'good condition');

insert into product(product_name, id, price, status, username, description)
values('hyundai i20', 1008, 500000, true, 'aswintp', 'only 1000 kms');

insert into product(product_name, id, price, status, username, description)
values('hp laptop', 1009, 30000, true, 'aswintp', 'only 1 year old');

insert into product(product_name, id, price, status, username, description)
values('dell laptop', 1010, 25000, true, 'aswintp', 'urgent sale');

insert into product(product_name, id, price, status, username, description)
values('acer laptop', 1011, 30000, true, 'aswintp', 'good condition, in warranty');


insert into jwt_user_details(id, password, username, first_Name, last_Name, phone, email)
values(1001, '$2a$10$kkH/LSGdGK8ISqiLXk3cFeIjbEzXpjOi8Ia2yZDzFNJhIAMGCcjvm', 'aswin','aswin', 'tp', '123456', 'aswin@tp.com');

insert into jwt_user_details(id, password, username, first_Name, last_Name, phone, email)
values(1002, '$2a$10$kkH/LSGdGK8ISqiLXk3cFeIjbEzXpjOi8Ia2yZDzFNJhIAMGCcjvm', 'aswintp', 'aswintp', 'tp', '12345678', 'aswintp@tp.com');


insert into user_detail(username, first_Name, last_Name, phone, email)
values('aswin','aswin', 'tp', '123456', 'aswin@tp.com');

insert into user_detail(username, first_Name, last_Name, phone, email)
values('aswintp','aswin', 'tp', '12345678', 'aswintp@tp.com');
